{"global": {"grating_distance_x": 0.267, "grating_distance_y": 0.267, "orientation_deg": 0.0, "pattern_delay_sec": 0.0, "aod_deg_to_um_in_sample_plane": 1483.0, "pixelsize": 11.0, "magnification": 1.5, "NA": 0.025, "wavelength": 0.668, "mtf_data": "lp/mm\tModulation_Factor\n0.0000\t1.000000\n1.4414\t1.025641\n2.8829\t1.027195\n4.3243\t1.043014\n5.7658\t1.040455\n7.2072\t0.995640\n8.6486\t0.966460\n10.0901\t0.955081\n11.5315\t0.909765\n12.9730\t0.894624\n14.4144\t0.867217\n15.8559\t0.822049\n17.2973\t0.819915\n18.7387\t0.842030\n20.1802\t0.737414\n21.6216\t0.758107\n23.0631\t0.711216\n24.5045\t0.716949\n25.9459\t0.684860\n27.3874\t0.644921\n28.8288\t0.603904\n30.2703\t0.602638\n31.7117\t0.586968\n33.1532\t0.564646\n34.5946\t0.538310\n36.0360\t0.510429\n37.4775\t0.482960\n38.9189\t0.431353\n40.3604\t0.434239\n41.8018\t0.414293\n43.2432\t0.394215\n44.6847\t0.377952\n46.1261\t0.325351\n47.5676\t0.334852\n49.0090\t0.327265\n50.4505\t0.299703\n51.8919\t0.288981\n53.3333\t0.256567\n54.7748\t0.251866\n56.2162\t0.239229\n57.6577\t0.225688\n59.0991\t0.211933\n60.5405\t0.189609\n61.9820\t0.185293\n63.4234\t0.162566\n64.8649\t0.158223\n66.3063\t0.154812\n67.7477\t0.140374\n69.1892\t0.130377\n70.6306\t0.125991\n72.0721\t0.119393\n73.5135\t0.116478\n74.9550\t0.110659\n76.3964\t0.105591\n77.8378\t0.102963\n79.2793\t0.101237\n80.7207\t0.098291\n82.1622\t0.098030\n83.6036\t0.096161\n85.0450\t0.096861\n86.4865\t0.095236\n87.9279\t0.096329\n89.3694\t0.094949\n90.8108\t0.096320\n", "recording_notes": "", "software_version": "1cc1c96-dirty", "date_time": "2022-02-16T12:23:02.184051+01:00", "output_folder": "../recordings", "recording_name": "rec001"}, "sim": {"desired_distance": 0.013, "pattern_rate_Hz": 15000.0, "reconstruction_size": 1000, "reconstruction_offset_x": 0, "reconstruction_offset_y": 0, "reconstruction_eta": 0.5, "reconstruction_w": 0.3, "reconstruction_alpha": 0.2, "reconstruction_beta": 0.999, "reconstruction_use_filter": true}, "lmi": {"steps_x": 10, "steps_y": 10, "multiscan_x": 10, "multiscan_y": 10, "pattern_rate_Hz": 10000.0}}